{
  "schemaVersion": "1.1.0",
  "buildSystem": "Gradle",
  "buildSystemVersion": "8.13",
  "buildPlugin": "org.jetbrains.kotlin.gradle.plugin.KotlinMultiplatformPluginWrapper",
  "buildPluginVersion": "2.2.0",
  "projectSettings": {
    "isHmppEnabled": true,
    "isCompatibilityMetadataVariantEnabled": false,
    "isKPMEnabled": false
  },
  "projectTargets": [
    {
      "target": "org.jetbrains.kotlin.gradle.plugin.mpp.KotlinAndroidTarget",
      "platformType": "androidJvm",
      "extras": {
        "android": {
          "sourceCompatibility": "11",
          "targetCompatibility": "11"
        }
      }
    },
    {
      "target": "org.jetbrains.kotlin.gradle.targets.jvm.KotlinJvmTarget",
      "platformType": "jvm",
      "extras": {
        "jvm": {
          "jvmTarget": "21",
          "withJavaEnabled": false
        }
      }
    },
    {
      "target": "org.jetbrains.kotlin.gradle.plugin.mpp.KotlinNativeTarget",
      "platformType": "native",
      "extras": {
        "native": {
          "konanTarget": "ios_arm64",
          "konanVersion": "2.2.0",
          "konanAbiVersion": "2.2.0"
        }
      }
    },
    {
      "target": "org.jetbrains.kotlin.gradle.plugin.mpp.KotlinNativeTargetWithSimulatorTests",
      "platformType": "native",
      "extras": {
        "native": {
          "konanTarget": "ios_simulator_arm64",
          "konanVersion": "2.2.0",
          "konanAbiVersion": "2.2.0"
        }
      }
    },
    {
      "target": "org.jetbrains.kotlin.gradle.plugin.mpp.KotlinNativeTargetWithSimulatorTests",
      "platformType": "native",
      "extras": {
        "native": {
          "konanTarget": "ios_x64",
          "konanVersion": "2.2.0",
          "konanAbiVersion": "2.2.0"
        }
      }
    },
    {
      "target": "org.jetbrains.kotlin.gradle.plugin.mpp.KotlinMetadataTarget",
      "platformType": "common"
    }
  ]
}